{"cameraMode":{"drawMode":0,"name":"Shaded","section":"Shading Mode"},"sceneLighting":true,"audioPlay":false,"sceneViewState":{"showFog":true,"showMaterialUpdate":false,"showSkybox":true,"showFlares":true,"showImageEffects":true,"showParticleSystems":true},"in2DMode":false,"pivot":{"x":15.876632690429688,"y":7.771035194396973,"z":-39.549781799316409},"rotation":{"x":-0.1507878601551056,"y":0.8073303699493408,"z":-0.23425845801830293,"w":-0.5203368663787842},"size":1.524744987487793,"orthographic":false}